datetime,x_stere,y_stere,data_gap_minutes,longitude,latitude
2019-10-08 01:00:00,-11010.00278,529763.05311,30.0,136.1906,85.1114
2019-10-08 02:00:00,-12008.27853,530218.96201,60.0,136.2974,85.107
2019-10-08 03:00:00,-12976.00997,530717.20014,60.0,136.4006,85.1022
2019-10-08 04:00:00,-13887.93943,531280.31532,60.0,136.4974,85.0968
2019-10-08 05:00:00,-14723.83644,531844.02891,60.0,136.5858,85.0914
2019-10-08 06:00:00,-15483.48505,532473.8422,60.0,136.6656,85.0854
2019-10-08 07:00:00,-16096.0457,533107.08832,60.0,136.7294,85.0794
2019-10-08 08:00:00,-16605.18837,533786.33357,60.0,136.7818,85.073
2019-10-08 09:00:00,-16952.58786,534448.57607,60.0,136.8168,85.0668
2019-10-08 10:00:00,-17094.6407,535095.50659,60.0,136.8298,85.0608
2019-10-08 11:00:00,-17149.78783,535766.91678,60.0,136.8334,85.0546
2019-10-08 12:00:00,-17112.57356,536419.56681,60.0,136.8272,85.0486
2019-10-08 13:00:00,-17032.40828,536965.00059,60.0,136.8168,85.0436
2019-10-08 14:00:00,-16960.74238,537488.43525,60.0,136.8074,85.0388
2019-10-08 15:00:00,-16896.93257,537968.18009,60.0,136.799,85.0344
2019-10-08 16:00:00,-16868.53407,538381.66089,60.0,136.7946,85.0306
2019-10-08 17:00:00,-16853.76088,538751.28306,60.0,136.7918,85.0272
2019-10-08 18:00:00,-16864.61938,539098.38832,60.0,136.7918,85.024
2019-10-08 19:00:00,-16837.96564,539511.8126,60.0,136.7876,85.0202
2019-10-08 20:00:00,-16761.03802,539948.51343,60.0,136.778,85.0162
2019-10-08 21:00:00,-16611.6181,540365.71851,60.0,136.7608,85.0124
2019-10-08 22:00:00,-16412.7814,540719.23328,60.0,136.7386,85.0092
2019-10-08 23:00:00,-16145.03255,541053.01369,60.0,136.7092,85.0062
2019-10-09 00:00:00,-15834.0864,541279.34593,60.0,136.6756,85.0042
2019-10-09 01:00:00,-15529.1967,541461.89072,60.0,136.6428,85.0026
2019-10-09 02:00:00,-15243.06885,541578.58954,60.0,136.6122,85.0016
2019-10-09 03:00:00,-14994.72707,541628.94908,60.0,136.5858,85.0012
2019-10-09 04:00:00,-14812.63123,541612.24649,60.0,136.5666,85.0014
2019-10-09 05:00:00,-14686.55006,541637.39307,60.0,136.5532,85.0012
2019-10-09 06:00:00,-14614.70443,541639.3364,60.5,136.5456,85.0012
2019-10-09 07:00:00,-14559.37756,541725.98073,60.5,136.53951,85.00042
2019-10-09 08:00:00,-14493.25191,541838.01557,59.5,136.5322,84.9994
2019-10-09 09:00:00,-14395.72781,542014.3176,60.5,136.5214,84.9978
2019-10-09 10:00:00,-14256.7243,542167.75374,60.5,136.50629,84.99642
2019-10-09 11:00:00,-14084.63421,542283.04049,59.5,136.4878,84.9954
2019-10-09 12:00:00,-13921.06303,542330.68886,60.0,136.4704,84.995
2019-10-09 13:00:00,-13766.93049,542378.04771,60.5,136.454,84.9946
2019-10-09 14:00:00,-13630.75244,542382.10726,60.5,136.43961,84.99459
2019-10-09 15:00:00,-13524.49095,542320.29379,60.5,136.42856,84.99519
2019-10-09 16:00:00,-13442.58256,542236.03196,60.0,136.42013,84.99598
2019-10-09 17:00:00,-13363.80644,542108.08926,60.0,136.41214,84.99718
2019-10-09 18:00:00,-13271.86561,541980.21394,60.0,136.40276,84.99838
2019-10-09 19:00:00,-13161.0804,541831.07879,60.0,136.39144,84.99978
2019-10-09 20:00:00,-12981.61468,541702.64876,60.0,136.3728,85.001
2019-10-09 21:00:00,-12730.58679,541601.87167,60.0,136.34651,85.00198
2019-10-09 22:00:00,-12396.57487,541500.81109,60.5,136.31144,85.00299
2019-10-09 23:00:00,-12000.69649,541423.0259,60.0,136.26976,85.00378
2019-10-10 00:00:00,-11535.81593,541303.60455,60.0,136.22086,85.00498
2019-10-10 01:00:00,-11037.95299,541162.21883,60.0,136.16849,85.00638
2019-10-10 02:00:00,-10528.45652,540999.33571,60.0,136.1149,85.00797
2019-10-10 03:00:00,-10019.90275,540792.39555,60.0,136.06147,85.00997
2019-10-10 04:00:00,-9554.38396,540583.35149,60.0,136.01255,85.01197
2019-10-10 05:00:00,-9161.22435,540413.11521,60.0,135.9712,85.0136
2019-10-10 06:00:00,-8841.24767,540311.02775,60.0,135.93746,85.01459
2019-10-10 07:00:00,-8622.98489,540291.28345,60.5,135.91436,85.0148
2019-10-10 08:00:00,-8407.63298,540358.79101,60.0,135.89141,85.01421
2019-10-10 09:00:00,-8167.87085,540470.05684,60.0,135.86582,85.01322
2019-10-10 10:00:00,-7936.61814,540646.55292,60.0,135.84103,85.01163
2019-10-10 11:00:00,-7678.93069,540823.99861,60.0,135.81346,85.01003
2019-10-10 12:00:00,-7429.8394,541001.47095,60.0,135.78682,85.00842
2019-10-10 13:00:00,-7211.77415,541135.3827,60.0,135.76354,85.00722
2019-10-10 14:00:00,-7053.31158,541246.06428,60.0,135.74661,85.00622
2019-10-10 15:00:00,-6977.562,541355.72903,60.0,135.73845,85.00522
2019-10-10 16:00:00,-6999.04478,541443.95412,60.0,135.7406,85.0044
2019-10-10 17:00:00,-7112.486,541527.60784,60.0,135.75249,85.00362
2019-10-10 18:00:00,-7356.17231,541653.64995,60.5,135.77808,85.00242
2019-10-10 19:00:00,-7677.73035,541843.224,60.0,135.81181,85.00064
2019-10-10 20:00:00,-8031.27028,542118.97635,60.0,135.84875,84.99805
2019-10-10 21:00:00,-8420.40324,542459.39009,60.0,135.88931,84.99486
2019-10-10 22:00:00,-8810.00504,542864.48747,60.0,135.92976,84.99107
2019-10-10 23:00:00,-9158.11562,543335.47722,60.0,135.96565,84.98668
2019-10-11 00:00:00,-9447.15547,543838.12387,59.5,135.9952,84.982
2019-10-11 01:00:00,-9665.22146,544355.30435,60.5,136.0172,84.9772
2019-10-11 02:00:00,-9854.24843,544864.87172,60.5,136.03612,84.97247
2019-10-11 03:00:00,-10003.86431,545304.39054,59.5,136.051,84.9684
2019-10-11 04:00:00,-10151.58442,545670.72009,60.0,136.0658,84.965
2019-10-11 05:00:00,-10338.28823,545971.1487,60.5,136.0848,84.9622
2019-10-11 06:00:00,-10590.46042,546263.9756,60.5,136.11066,84.95946
2019-10-11 07:00:00,-10944.73143,546731.85302,60.5,136.14682,84.95508
2019-10-11 08:00:00,-11229.24184,547289.99654,60.0,136.17542,84.94989
2019-10-11 09:00:00,-11406.91464,547851.37982,60.0,136.19279,84.94468
2019-10-11 10:00:00,-11498.88024,548350.2427,60.0,136.20131,84.94007
2019-10-11 11:00:00,-11536.88384,548763.20219,60.0,136.20438,84.93626
2019-10-11 12:00:00,-11555.64298,549111.35842,60.0,136.20557,84.93305
2019-10-11 13:00:00,-11597.96092,549376.15171,59.5,136.2094,84.9306
2019-10-11 14:00:00,-11699.92069,549569.39003,60.5,136.2196,84.9288
2019-10-11 15:00:00,-11886.14849,549736.52139,60.5,136.23863,84.92722
2019-10-11 16:00:00,-12120.60644,549862.41384,60.5,136.26277,84.92602
2019-10-11 17:00:00,-12396.62903,549964.525,60.0,136.29127,84.92502
2019-10-11 18:00:00,-12714.32438,550111.37154,59.5,136.324,84.9236
2019-10-11 19:00:00,-12983.41354,550278.78542,60.5,136.3516,84.922
2019-10-11 20:00:00,-13195.82868,550444.59494,60.5,136.37329,84.92043
2019-10-11 21:00:00,-13341.12312,550594.00206,60.5,136.38803,84.91902
2019-10-11 22:00:00,-13396.1343,550659.30633,60.0,136.39359,84.9184
2019-10-11 23:00:00,-13369.78387,550639.99262,60.0,136.39089,84.91859
2019-10-12 00:00:00,-13301.03817,550491.95265,60.0,136.38412,84.91997
2019-10-12 01:00:00,-13241.78331,550213.24878,60.0,136.37865,84.92255
2019-10-12 02:00:00,-13231.75808,549816.90545,60.0,136.3786,84.9262
2019-10-12 03:00:00,-13264.22793,549367.64454,60.0,136.38311,84.93033
2019-10-12 04:00:00,-13301.76418,548931.9556,60.5,136.38812,84.93434
2019-10-12 05:00:00,-13317.97923,548539.76762,60.0,136.39081,84.93794
2019-10-12 06:00:00,-13270.86381,548214.22231,60.0,136.38671,84.94095
2019-10-12 07:00:00,-13181.10874,547950.85593,60.5,136.378,84.9434
2019-10-12 08:00:00,-13039.68497,547784.90965,60.5,136.36363,84.94496
2019-10-12 09:00:00,-12806.23873,547679.08049,60.5,136.33949,84.94599
2019-10-12 10:00:00,-12477.06086,547599.59068,59.5,136.30526,84.94679
2019-10-12 11:00:00,-12052.22598,547522.61324,60.0,136.26101,84.94758
2019-10-12 12:00:00,-11560.95973,547403.90911,60.0,136.20988,84.94878
2019-10-12 13:00:00,-11052.13205,547238.06838,60.0,136.157,84.9504
2019-10-12 14:00:00,-10593.45699,547076.40741,60.0,136.10932,84.95197
2019-10-12 15:00:00,-10220.41525,546906.87923,59.5,136.0706,84.9536
2019-10-12 16:00:00,-9931.6889,546781.94217,60.0,136.0406,84.9548
2019-10-12 17:00:00,-9701.11213,546699.2448,60.5,136.0166,84.9556
2019-10-12 18:00:00,-9492.83345,546702.30248,60.5,135.99477,84.95561
2019-10-12 19:00:00,-9260.00669,546770.41441,60.5,135.97026,84.95501
2019-10-12 20:00:00,-8957.92554,546883.97434,60.0,135.93842,84.95401
2019-10-12 21:00:00,-8557.97466,546977.14692,60.0,135.89637,84.95322
2019-10-12 22:00:00,-8090.64776,547093.11704,60.0,135.84725,84.95221
2019-10-12 23:00:00,-7596.14568,547144.9944,60.0,135.7954,84.9518
2019-10-13 00:00:00,-7102.35212,547173.39367,60.0,135.74366,84.9516
2019-10-13 01:00:00,-6618.30984,547157.94852,60.5,135.693,84.9518
2019-10-13 02:00:00,-6194.25837,547162.66091,60.0,135.6486,84.9518
2019-10-13 03:00:00,-5846.1646,547166.12637,60.0,135.61215,84.9518
2019-10-13 04:00:00,-5555.73476,547232.85604,60.5,135.58167,84.95122
2019-10-13 05:00:00,-5302.28244,547367.39366,60.5,135.555,84.95
2019-10-13 06:00:00,-5065.20987,547515.96935,60.5,135.53004,84.94865
2019-10-13 07:00:00,-4814.83911,547715.54983,60.5,135.50366,84.94683
2019-10-13 08:00:00,-4539.83505,547935.30025,59.5,135.4747,84.94483
2019-10-13 09:00:00,-4241.38034,548132.67802,60.0,135.44334,84.94303
2019-10-13 10:00:00,-3934.87357,548373.86413,60.0,135.41112,84.94083
2019-10-13 11:00:00,-3659.25842,548552.99246,60.0,135.3822,84.9392
2019-10-13 12:00:00,-3445.14626,548746.23623,60.0,135.35971,84.93743
2019-10-13 13:00:00,-3303.66984,548967.67259,60.0,135.3448,84.9354
2019-10-13 14:00:00,-3238.19714,549202.72289,60.0,135.33782,84.93324
2019-10-13 15:00:00,-3278.47242,549462.55884,60.5,135.34186,84.93084
2019-10-13 16:00:00,-3384.99084,549764.31256,60.0,135.35278,84.92806
2019-10-13 17:00:00,-3516.74626,550195.38659,60.0,135.36622,84.92408
2019-10-13 18:00:00,-3572.04602,550736.17094,60.0,135.37161,84.91909
2019-10-13 19:00:00,-3504.58601,551332.4619,60.0,135.3642,84.9136
2019-10-13 20:00:00,-3304.29017,551867.8567,60.0,135.34305,84.90868
2019-10-13 21:00:00,-3004.10396,552377.34629,59.5,135.3116,84.904
2019-10-13 22:00:00,-2632.41719,552878.50179,60.5,135.2728,84.8994
2019-10-13 23:00:00,-2184.40146,553329.28816,60.5,135.22619,84.89526
2019-10-14 00:00:00,-1750.28228,553722.60209,60.5,135.18111,84.89165
2019-10-14 01:00:00,-1373.15532,554055.23407,60.0,135.142,84.8886
2019-10-14 02:00:00,-1065.24636,554375.95392,60.0,135.1101,84.88565
2019-10-14 03:00:00,-795.81767,554707.57281,60.0,135.0822,84.8826
2019-10-14 04:00:00,-580.50732,554985.33028,60.0,135.05993,84.88004
2019-10-14 05:00:00,-407.6377,555288.88745,60.5,135.04206,84.87725
2019-10-14 06:00:00,-271.70021,555593.1625,60.0,135.02802,84.87445
2019-10-14 07:00:00,-145.66162,555896.43489,60.0,135.01501,84.87165
2019-10-14 08:00:00,-15.99598,556264.68077,60.0,135.00165,84.86826
2019-10-14 09:00:00,154.05335,556634.22869,60.0,134.98414,84.86485
2019-10-14 10:00:00,380.80255,556960.47546,60.0,134.96083,84.86185
2019-10-14 11:00:00,643.16144,557243.24044,60.0,134.93387,84.85924
2019-10-14 12:00:00,917.95858,557461.35026,60.0,134.90565,84.85723
2019-10-14 13:00:00,1160.54855,557590.63704,60.5,134.88075,84.85603
2019-10-14 14:00:00,1349.79757,557677.93013,60.5,134.86132,84.85522
2019-10-14 15:00:00,1459.17693,557744.17176,59.5,134.8501,84.85461
2019-10-14 16:00:00,1472.52233,557809.28473,59.5,134.84875,84.85401
2019-10-14 17:00:00,1409.20136,557873.22548,60.5,134.85527,84.85342
2019-10-14 18:00:00,1293.55502,557959.37324,60.5,134.86717,84.85263
2019-10-14 19:00:00,1170.75938,558069.61824,59.5,134.8798,84.85162
2019-10-14 20:00:00,1072.79927,558178.68102,59.5,134.88988,84.85061
2019-10-14 21:00:00,1038.61968,558265.66107,60.0,134.8934,84.84981
2019-10-14 22:00:00,1078.44362,558352.85007,60.0,134.88933,84.84901
2019-10-14 23:00:00,1188.66224,558375.71395,60.0,134.87803,84.8488
2019-10-15 00:00:00,1332.56389,558332.53133,60.0,134.86325,84.84919
2019-10-15 01:00:00,1473.06737,558267.82317,60.0,134.84882,84.84978
2019-10-15 02:00:00,1580.54058,558137.96136,60.0,134.83775,84.85098
2019-10-15 03:00:00,1641.54553,558007.37134,60.0,134.83145,84.85218
2019-10-15 04:00:00,1638.17589,557877.13224,60.0,134.83175,84.85338
2019-10-15 05:00:00,1599.28015,557767.82298,60.0,134.83572,84.85439
2019-10-15 06:00:00,1548.52353,557723.78706,60.0,134.84092,84.8548
2019-10-15 07:00:00,1516.63572,557701.7307,60.0,134.84419,84.855
2019-10-15 08:00:00,1542.81325,557722.63807,60.0,134.8415,84.85481
2019-10-15 09:00:00,1640.93693,557765.8489,60.0,134.83144,84.85441
2019-10-15 10:00:00,1815.57758,557787.21761,60.5,134.8135,84.8542
2019-10-15 11:00:00,2044.10003,557787.12305,60.0,134.79003,84.8542
2019-10-15 12:00:00,2308.4704,557743.49746,59.5,134.76286,84.85459
2019-10-15 13:00:00,2565.4208,557656.11134,60.0,134.73642,84.85538
2019-10-15 14:00:00,2789.57907,557546.68086,60.0,134.71333,84.85638
2019-10-15 15:00:00,2951.55274,557437.10761,60.0,134.69663,84.85738
2019-10-15 16:00:00,3060.3205,557348.01791,60.5,134.6854,84.8582
2019-10-15 17:00:00,3129.44468,557284.02493,60.5,134.67826,84.85879
2019-10-15 18:00:00,3225.18632,557260.25732,59.5,134.6684,84.859
2019-10-15 19:00:00,3360.76033,557280.58016,59.5,134.65447,84.85881
2019-10-15 20:00:00,3559.86249,557322.46965,60.5,134.63403,84.85841
2019-10-15 21:00:00,3879.67946,557386.33244,59.5,134.6012,84.8578
2019-10-15 22:00:00,4341.47222,557469.75904,60.0,134.5538,84.857
2019-10-15 23:00:00,4908.11962,557508.47457,60.0,134.4956,84.8566
2019-10-16 00:00:00,5488.04622,557503.06744,60.5,134.436,84.8566
2019-10-16 01:00:00,6022.01883,557455.20791,60.5,134.38108,84.85699
2019-10-16 02:00:00,6502.80922,557363.72841,60.5,134.33156,84.85778
2019-10-16 03:00:00,6890.74167,557251.28214,60.5,134.29154,84.85878
2019-10-16 04:00:00,7177.44954,557201.65757,59.5,134.262,84.8592
2019-10-16 05:00:00,7403.3001,557176.4369,59.5,134.23875,84.85941
2019-10-16 06:00:00,7597.59071,557258.11747,61.0,134.21888,84.85863
2019-10-16 07:00:00,7819.16344,557341.24595,60.5,134.19623,84.85783
2019-10-16 08:00:00,8086.08427,557487.54978,60.0,134.16901,84.85645
2019-10-16 09:00:00,8416.92269,557635.96287,60.0,134.13525,84.85504
2019-10-16 10:00:00,8814.20972,557737.51949,60.5,134.0946,84.85405
2019-10-16 11:00:00,9263.7704,557820.5201,60.0,134.04857,84.85322
2019-10-16 12:00:00,9723.29373,557815.29387,59.5,134.00138,84.85319
2019-10-16 13:00:00,10176.92499,557765.01547,60.0,133.9547,84.85358
2019-10-16 14:00:00,10584.10201,557674.45927,61.0,133.91271,84.85434
2019-10-16 15:00:00,10909.71606,557579.8252,60.5,133.87908,84.85516
2019-10-16 16:00:00,11162.49397,557486.05779,59.0,133.85292,84.85598
2019-10-16 17:00:00,11340.39233,557436.36923,59.5,133.83455,84.8564
2019-10-16 18:00:00,11493.25722,557473.86973,60.5,133.81892,84.85603
2019-10-16 19:00:00,11630.98953,557535.9203,60.0,133.8049,84.85543
2019-10-16 20:00:00,11805.15685,557660.5176,59.5,133.78728,84.85425
2019-10-16 21:00:00,12038.4539,557810.20845,59.5,133.76366,84.85282
2019-10-16 22:00:00,12345.75213,557934.17434,59.5,133.73239,84.85162
2019-10-16 23:00:00,12732.41449,558034.59717,60.0,133.69294,84.85061
2019-10-17 00:00:00,13191.1166,558090.55317,59.5,133.646,84.85
2019-10-17 01:00:00,13630.49574,558123.42285,61.0,133.601,84.8496
2019-10-17 02:00:00,13999.56348,558135.65094,61.0,133.56317,84.8494
2019-10-17 03:00:00,14314.16148,558128.20401,60.5,133.53087,84.8494
2019-10-17 04:00:00,14537.98949,558101.91805,60.5,133.50784,84.84959
2019-10-17 05:00:00,14645.45187,558076.35337,61.5,133.49675,84.8498
2019-10-17 06:00:00,14661.57057,558095.08029,60.0,133.49514,84.84962
2019-10-17 07:00:00,14645.81239,558159.95347,59.0,133.49693,84.84903
2019-10-17 08:00:00,14641.35719,558265.42518,60.0,133.49768,84.84806
2019-10-17 09:00:00,14684.41571,558396.06959,60.0,133.49361,84.84684
2019-10-17 10:00:00,14768.37971,558525.09397,59.5,133.48535,84.84563
2019-10-17 11:00:00,14888.93462,558609.9341,60.0,133.47323,84.84482
2019-10-17 12:00:00,15008.29992,558672.80438,60.0,133.46116,84.84421
2019-10-17 13:00:00,15098.04206,558693.69316,60.0,133.45203,84.844
2019-10-17 14:00:00,15132.92219,558672.43584,60.0,133.44839,84.84419
2019-10-17 15:00:00,15086.71032,558612.43922,61.0,133.45296,84.84475
2019-10-17 16:00:00,14952.04295,558528.37036,60.5,133.46653,84.84556
2019-10-17 17:00:00,14748.79851,558446.8044,59.5,133.48715,84.84636
2019-10-17 18:00:00,14475.8868,558367.90738,60.5,133.51492,84.84715
2019-10-17 19:00:00,14216.40114,558306.31394,59.5,133.54137,84.84778
2019-10-17 20:00:00,13990.84249,558247.16747,59.0,133.56435,84.84838
2019-10-17 21:00:00,13836.34282,558168.28994,61.0,133.58,84.84914
2019-10-17 22:00:00,13745.78036,558042.78197,60.5,133.58897,84.85032
2019-10-17 23:00:00,13729.35463,557809.07206,59.5,133.59006,84.85247
2019-10-18 00:00:00,13738.43694,557494.70279,60.5,133.58834,84.85537
2019-10-18 01:00:00,13739.21194,557058.49099,60.0,133.58715,84.85938
2019-10-18 02:00:00,13691.20262,556583.32965,59.5,133.59088,84.86377
2019-10-18 03:00:00,13595.70268,556073.93967,60.5,133.59943,84.86849
2019-10-18 04:00:00,13439.4188,555569.87037,60.0,133.61427,84.87316
2019-10-18 05:00:00,13221.43434,555053.89452,59.5,133.63547,84.87796
2019-10-18 06:00:00,12989.06469,554559.23511,60.0,133.65825,84.88257
2019-10-18 07:00:00,12762.08455,554076.98266,59.5,133.68054,84.88706
2019-10-18 08:00:00,12593.79573,553666.50798,59.5,133.69696,84.89088
2019-10-18 09:00:00,12490.2348,553250.5884,59.5,133.70671,84.89473
2019-10-18 10:00:00,12460.49368,552769.11363,60.5,133.70866,84.89917
2019-10-18 11:00:00,12482.9326,552251.45836,61.0,133.70512,84.90394
2019-10-18 12:00:00,12542.62288,551614.23387,59.5,133.69743,84.90979
2019-10-18 13:00:00,12566.7622,550912.25017,60.0,133.69326,84.91625
2019-10-18 14:00:00,12535.3412,550120.67872,60.0,133.69465,84.92355
2019-10-18 15:00:00,12446.20592,549319.52448,59.5,133.70204,84.93095
2019-10-18 16:00:00,12290.6816,548503.27016,61.0,133.71635,84.9385
2019-10-18 17:00:00,12069.18921,547730.63596,60.5,133.7377,84.94566
2019-10-18 18:00:00,11846.58321,547057.55826,59.5,133.75945,84.95191
2019-10-18 19:00:00,11605.99033,546461.71364,60.5,133.78331,84.95745
2019-10-18 20:00:00,11414.14899,545900.10405,60.5,133.80219,84.96266
2019-10-18 21:00:00,11289.0055,545339.48142,60.0,133.8141,84.96785
2019-10-18 22:00:00,11246.39647,544746.17777,59.5,133.81728,84.97332
2019-10-18 23:00:00,11283.53666,544118.22461,59.5,133.81201,84.9791
2019-10-19 00:00:00,11364.27806,543435.03511,60.5,133.80201,84.98538
2019-10-19 01:00:00,11472.95969,542747.68003,60.0,133.78902,84.99169
2019-10-19 02:00:00,11546.89332,542063.34973,60.0,133.77968,84.99798
2019-10-19 03:00:00,11544.15773,541396.11522,60.0,133.77847,85.00412
2019-10-19 04:00:00,11567.11383,540875.32186,60.0,133.77486,85.00892
2019-10-19 05:00:00,11580.83146,540450.16626,60.0,133.77245,85.01283
2019-10-19 06:00:00,11587.40806,540144.21788,60.0,133.77105,85.01565
2019-10-19 07:00:00,11651.84191,539922.98649,60.5,133.76372,85.01767
2019-10-19 08:00:00,11774.93362,539704.88043,60.0,133.75016,85.01966
2019-10-19 09:00:00,11966.25446,539444.33588,60.0,133.72924,85.02202
2019-10-19 10:00:00,12217.00553,539116.07193,60.0,133.70183,85.02499
2019-10-19 11:00:00,12514.90104,538758.35404,59.5,133.66931,85.02822
2019-10-19 12:00:00,12828.61178,538340.46794,59.5,133.6349,85.03201
2019-10-19 13:00:00,13131.37399,537907.70799,60.5,133.60158,85.03593
2019-10-19 14:00:00,13417.23904,537437.54047,60.0,133.5699,85.04019
2019-10-19 15:00:00,13668.53218,537002.11609,60.0,133.54194,85.04414
2019-10-19 16:00:00,13895.28136,536595.50148,60.0,133.51664,85.04784
2019-10-19 17:00:00,14121.08167,536285.40709,60.0,133.49168,85.05064
2019-10-19 18:00:00,14355.11287,536036.94328,60.5,133.46598,85.05287
2019-10-19 19:00:00,14613.84814,535851.19772,60.0,133.4378,85.05452
2019-10-19 20:00:00,14902.73521,535730.8267,59.5,133.40658,85.05555
2019-10-19 21:00:00,15190.81247,535615.26071,60.0,133.37545,85.05654
2019-10-19 22:00:00,15473.57102,535519.08695,60.0,133.34493,85.05735
2019-10-19 23:00:00,15752.97159,535366.98792,60.0,133.31458,85.05868
2019-10-20 00:00:00,16015.94115,535124.26479,60.5,133.28568,85.06084
2019-10-20 01:00:00,16263.83998,534853.26701,59.5,133.25828,85.06327
2019-10-20 02:00:00,16470.07886,534544.41657,59.5,133.23519,85.06606
2019-10-20 03:00:00,16619.082,534221.03582,60.5,133.21816,85.06899
2019-10-20 04:00:00,16724.62705,533869.93805,60.5,133.20567,85.0722
2019-10-20 05:00:00,16791.39917,533575.56601,59.5,133.19752,85.07489
2019-10-20 06:00:00,16839.65696,533358.41999,60.0,133.19161,85.07687
2019-10-20 07:00:00,16898.59522,533140.58671,60.5,133.18454,85.07886
2019-10-20 08:00:00,16979.03267,532919.48981,60.0,133.17515,85.08088
2019-10-20 09:00:00,17093.77054,532717.73782,59.5,133.16213,85.0827
2019-10-20 10:00:00,17230.88212,532460.7842,60.0,133.14651,85.08503
2019-10-20 11:00:00,17377.73104,532149.8895,60.0,133.12963,85.08785
2019-10-20 12:00:00,17513.10483,531779.3569,59.5,133.11376,85.09122
2019-10-20 13:00:00,17628.72788,531351.62327,60.5,133.09979,85.09512
2019-10-20 14:00:00,17693.76424,530867.25054,60.0,133.09104,85.09956
2019-10-20 15:00:00,17683.42159,530326.83694,59.5,133.09022,85.10454
2019-10-20 16:00:00,17588.5219,529773.64241,60.5,133.09847,85.10967
2019-10-20 17:00:00,17391.42115,529249.3715,60.0,133.11791,85.11456
2019-10-20 18:00:00,17092.96906,528724.61356,60.0,133.14835,85.11948
2019-10-20 19:00:00,16765.23565,528244.42356,60.0,133.18218,85.124
2019-10-20 20:00:00,16484.08672,527863.59296,60.0,133.21135,85.12759
2019-10-20 21:00:00,16301.26081,527536.85176,60.0,133.23008,85.13065
2019-10-20 22:00:00,16278.35773,527192.39354,59.5,133.23141,85.13383
2019-10-20 23:00:00,16388.12211,526750.8939,60.5,133.21801,85.13786
2019-10-21 00:00:00,16493.86984,526096.14071,60.0,133.20428,85.14386
2019-10-21 01:00:00,16601.41434,525328.21712,60.0,133.18994,85.15091
2019-10-21 02:00:00,16688.99268,524489.80057,60.0,133.17749,85.1586
2019-10-21 03:00:00,16723.85808,523614.1071,60.0,133.17064,85.16666
2019-10-21 04:00:00,16714.04687,522749.86583,60.0,133.16869,85.17462
2019-10-21 05:00:00,16718.24096,521976.16143,60.0,133.16552,85.18175
2019-10-21 06:00:00,16753.3802,521282.75094,60.0,133.15922,85.18812
2019-10-21 07:00:00,16843.00134,520760.8204,60.0,133.14752,85.1929
2019-10-21 08:00:00,17032.13229,520257.20102,60.5,133.12493,85.19749
2019-10-21 09:00:00,17321.19558,519727.99176,60.0,133.09119,85.20227
2019-10-21 10:00:00,17691.98691,519155.82914,60.0,133.04821,85.20743
2019-10-21 11:00:00,18132.87419,518483.9784,59.5,132.99702,85.21348
2019-10-21 12:00:00,18577.59079,517725.51461,60.0,132.94493,85.22032
2019-10-21 13:00:00,19029.65734,516894.1676,60.0,132.89159,85.22782
2019-10-21 14:00:00,19441.53344,516066.20073,60.0,132.84254,85.2353
2019-10-21 15:00:00,19826.46201,515247.52488,60.5,132.79637,85.24271
2019-10-21 16:00:00,20181.98729,514456.93659,59.5,132.75346,85.24986
2019-10-21 17:00:00,20518.41747,513755.85572,60.0,132.71293,85.2562
2019-10-21 18:00:00,20868.97215,513098.91203,60.0,132.67093,85.26212
2019-10-21 19:00:00,21230.51578,512494.96217,59.5,132.62783,85.26754
2019-10-21 20:00:00,21629.82743,511922.65837,60.5,132.58057,85.27266
2019-10-21 21:00:00,22086.35128,511320.64939,60.5,132.52666,85.27802
2019-10-21 22:00:00,22600.74673,510640.22893,59.5,132.46576,85.28408
2019-10-21 23:00:00,23137.48903,509881.38443,59.5,132.4018,85.29084
2019-10-22 00:00:00,23667.40459,509048.85413,60.5,132.33804,85.29828
2019-10-22 01:00:00,24184.59328,508164.95106,60.0,132.27523,85.3062
2019-10-22 02:00:00,24657.44779,507265.81795,60.0,132.21713,85.31427
2019-10-22 03:00:00,25099.23983,506375.46118,60.5,132.16237,85.32226
2019-10-22 04:00:00,25517.58155,505489.35856,59.5,132.11011,85.33023
2019-10-22 05:00:00,25915.70649,504715.87124,60.0,132.06061,85.33716
2019-10-22 06:00:00,26351.38828,503984.1923,60.0,132.00695,85.34369
2019-10-22 07:00:00,26812.76576,503314.16053,60.0,131.9506,85.34963
2019-10-22 08:00:00,27342.06173,502715.42098,60.5,131.88682,85.35488
2019-10-22 09:00:00,27902.67801,502182.53464,60.0,131.81975,85.3595
2019-10-22 10:00:00,28491.79503,501649.79288,60.0,131.74931,85.36409
2019-10-22 11:00:00,29126.388,501125.89831,59.5,131.6736,85.36858
2019-10-22 12:00:00,29753.22226,500617.854,60.0,131.59874,85.37292
2019-10-22 13:00:00,30372.22511,500123.27504,60.5,131.52473,85.37712
2019-10-22 14:00:00,30982.64231,499630.80355,60.0,131.45157,85.38131
2019-10-22 15:00:00,31555.88658,499108.94266,59.5,131.38232,85.38578
2019-10-22 16:00:00,32085.7557,498616.91319,59.5,131.31812,85.38999
2019-10-22 17:00:00,32584.2893,498141.90165,59.5,131.25752,85.39407
2019-10-22 18:00:00,33032.89972,497683.98913,60.0,131.20266,85.39801
2019-10-22 19:00:00,33464.15786,497254.49276,60.0,131.14992,85.40169
2019-10-22 20:00:00,33889.06764,496903.49507,60.0,131.09844,85.40465
2019-10-22 21:00:00,34342.84592,496541.07698,60.0,131.04349,85.4077
2019-10-22 22:00:00,34822.16127,496187.11616,60.0,130.98559,85.41065
2019-10-22 23:00:00,35328.26607,495798.80765,60.0,130.92426,85.41389
2019-10-23 00:00:00,35835.03381,495398.56113,60.0,130.86267,85.41723
2019-10-23 01:00:00,36342.01946,494992.9854,60.5,130.80092,85.42062
2019-10-23 02:00:00,36852.18969,494557.29212,59.5,130.73845,85.42428
2019-10-23 03:00:00,37332.01453,494150.25739,59.5,130.67963,85.42769
2019-10-23 04:00:00,37753.5206,493774.16107,60.5,130.62772,85.43085
2019-10-23 05:00:00,38162.97038,493452.31623,60.0,130.57762,85.43352
2019-10-23 06:00:00,38551.63948,493185.39326,60.0,130.53035,85.4357
2019-10-23 07:00:00,38947.00719,492935.44338,60.5,130.48242,85.43771
2019-10-23 08:00:00,39354.04074,492724.20769,59.5,130.43346,85.43935
2019-10-23 09:00:00,39767.63503,492540.70578,60.0,130.38396,85.44073
2019-10-23 10:00:00,40144.17853,492355.84964,60.0,130.33871,85.44215
2019-10-23 11:00:00,40516.88266,492154.30789,60.0,130.29371,85.44372
2019-10-23 12:00:00,40837.52893,491954.05389,60.5,130.25471,85.44532
2019-10-23 13:00:00,41155.99735,491732.9427,60.0,130.21573,85.4471
2019-10-23 14:00:00,41456.67903,491490.44141,60.0,130.17858,85.4491
2019-10-23 15:00:00,41734.13288,491249.18505,60.0,130.14409,85.4511
2019-10-23 16:00:00,42002.38796,491008.08184,60.0,130.11064,85.4531
2019-10-23 17:00:00,42261.8349,490788.57762,60.0,130.0784,85.45491
2019-10-23 18:00:00,42519.34506,490590.97354,60.0,130.04657,85.45653
2019-10-23 19:00:00,42773.29638,490415.63763,60.0,130.01536,85.45793
2019-10-23 20:00:00,43033.3053,490241.30269,60.0,129.98344,85.45932
2019-10-23 21:00:00,43311.02242,490042.95199,60.0,129.9492,85.46092
2019-10-23 22:00:00,43619.22639,489842.4136,60.0,129.91138,85.46251
2019-10-23 23:00:00,43944.91845,489597.0164,60.0,129.87103,85.4645
2019-10-24 00:00:00,44271.78042,489330.53605,60.0,129.83029,85.46667
2019-10-24 01:00:00,44606.05051,488977.16894,60.0,129.78772,85.46964
2019-10-24 02:00:00,44919.2607,488580.13034,60.0,129.74709,85.47302
2019-10-24 03:00:00,45181.56786,488142.97089,60.0,129.71188,85.47681
2019-10-24 04:00:00,45429.8015,487725.18212,60.0,129.67846,85.48043
2019-10-24 05:00:00,45681.49034,487352.2934,60.0,129.64508,85.48364
2019-10-24 06:00:00,45946.43153,486977.09762,60.0,129.61008,85.48685
2019-10-24 07:00:00,46258.20777,486661.93998,60.0,129.57023,85.48947
2019-10-24 08:00:00,46581.69806,486348.22221,60.0,129.52899,85.49207
2019-10-24 09:00:00,46954.59665,486047.96668,60.0,129.48207,85.4945
2019-10-24 10:00:00,47367.85246,485790.9646,60.0,129.43089,85.49649
2019-10-24 11:00:00,47816.47498,485464.45115,60.0,129.37472,85.49908
2019-10-24 12:00:00,48298.40016,485176.35819,60.0,129.31504,85.50128
2019-10-24 13:00:00,48787.93126,484825.81215,60.0,129.25368,85.50405
2019-10-24 14:00:00,49274.63754,484448.43621,60.0,129.19226,85.50706
2019-10-24 15:00:00,49754.98546,484094.61479,60.0,129.13178,85.50985
2019-10-24 16:00:00,50206.26897,483700.24373,60.0,129.07413,85.51304
2019-10-24 17:00:00,50615.67189,483328.45522,60.0,129.0216,85.51606
2019-10-24 18:00:00,51024.81182,482998.42754,60.0,128.96954,85.51869
2019-10-24 19:00:00,51419.23649,482756.27339,60.0,128.92025,85.52052
2019-10-24 20:00:00,51824.74694,482559.35118,60.0,128.87018,85.52193
2019-10-24 21:00:00,52255.28896,482360.43745,60.0,128.81712,85.52333
2019-10-24 22:00:00,52702.88764,482158.60024,60.0,128.76199,85.52473
2019-10-24 23:00:00,53155.91496,481957.18837,60.0,128.70618,85.52612
2019-10-25 00:00:00,53592.0868,481714.4906,60.0,128.65179,85.5279
2019-10-25 01:00:00,53990.33509,481452.19339,60.0,128.60155,85.5299
2019-10-25 02:00:00,54393.84227,481184.61819,59.5,128.55058,85.53193
2019-10-25 03:00:00,54718.4126,480932.71728,60.0,128.50905,85.5339
2019-10-25 04:00:00,54983.9027,480703.83775,60.5,128.47475,85.53572
2019-10-25 05:00:00,55201.16218,480542.82328,59.5,128.44701,85.53697
2019-10-25 06:00:00,55377.28643,480435.67282,60.0,128.42483,85.53776
2019-10-25 07:00:00,55546.29982,480348.0861,60.0,128.40375,85.53839
2019-10-25 08:00:00,55750.50629,480302.07735,59.5,128.37909,85.53859
2019-10-25 09:00:00,55984.15224,480231.94629,60.0,128.35063,85.53899
2019-10-25 10:00:00,56248.52222,480157.18634,60.0,128.31848,85.53939
2019-10-25 11:00:00,56511.57065,480082.57398,60.0,128.28648,85.53979
2019-10-25 12:00:00,56779.92725,480007.51184,60.0,128.25385,85.54018
2019-10-25 13:00:00,57021.19019,479914.30863,60.0,128.22415,85.54078
2019-10-25 14:00:00,57241.10897,479801.01125,60.0,128.19667,85.54157
2019-10-25 15:00:00,57431.88313,479692.31009,60.5,128.17267,85.54236
2019-10-25 16:00:00,57584.40461,479584.87438,60.0,128.1532,85.54318
2019-10-25 17:00:00,57723.81887,479501.62496,59.5,128.1356,85.54378
2019-10-25 18:00:00,57870.9239,479439.62964,60.0,128.11739,85.54419
2019-10-25 19:00:00,58015.17893,479399.11599,60.0,128.09982,85.5444
2019-10-25 20:00:00,58180.04005,479399.95924,60.0,128.08042,85.54421
2019-10-25 21:00:00,58337.53277,479403.51844,60.0,128.06192,85.544
2019-10-25 22:00:00,58547.06861,479377.75311,60.0,128.03687,85.544
2019-10-25 23:00:00,58760.85634,479373.63797,60.0,128.01164,85.5438
2019-10-26 00:00:00,58970.85242,479327.44638,60.0,127.98624,85.54399
2019-10-26 01:00:00,59170.22967,479259.76906,60.0,127.96178,85.54438
2019-10-26 02:00:00,59345.64231,479172.93974,60.0,127.93986,85.54498
2019-10-26 03:00:00,59484.37379,479089.99593,60.0,127.92231,85.54558
2019-10-26 04:00:00,59590.919,479011.31966,60.0,127.90861,85.54618
2019-10-26 05:00:00,59680.05916,478934.15107,60.0,127.89698,85.54678
2019-10-26 06:00:00,59771.411,478878.66403,60.0,127.8854,85.54719
2019-10-26 07:00:00,59874.00721,478821.79202,60.0,127.87248,85.54759
2019-10-26 08:00:00,60005.5603,478783.0005,60.0,127.8564,85.54779
2019-10-26 09:00:00,60170.56881,478740.3156,60.0,127.83633,85.54799
2019-10-26 10:00:00,60364.29201,478694.94692,60.0,127.81284,85.54819
2019-10-26 11:00:00,60576.08546,478603.36774,60.0,127.78652,85.54878
2019-10-26 12:00:00,60800.23067,478509.81634,60.0,127.75871,85.54938
2019-10-26 13:00:00,61005.96856,478375.77109,60.0,127.73245,85.55036
2019-10-26 14:00:00,61194.06091,478220.63653,60.0,127.70795,85.55156
2019-10-26 15:00:00,61345.03509,478072.2534,60.5,127.68791,85.55274
2019-10-26 16:00:00,61469.85933,477922.76546,60.0,127.67092,85.55396
2019-10-26 17:00:00,61575.56379,477780.18101,60.0,127.65629,85.55514
2019-10-26 18:00:00,61672.22542,477633.95233,60.0,127.64266,85.55636
2019-10-26 19:00:00,61779.43641,477509.92063,59.5,127.62812,85.55737
2019-10-26 20:00:00,61905.86213,477386.9718,60.5,127.61132,85.55834
2019-10-26 21:00:00,62056.4027,477232.17526,59.5,127.59117,85.55958
2019-10-26 22:00:00,62245.3224,477080.943,60.0,127.56654,85.56074
2019-10-26 23:00:00,62456.95429,476898.73894,60.5,127.53873,85.56215
2019-10-27 00:00:00,62664.30612,476697.48224,59.5,127.51112,85.56374
2019-10-27 01:00:00,62865.77342,476453.39078,60.0,127.48351,85.56573
2019-10-27 02:00:00,63054.63877,476188.18617,60.0,127.45704,85.56792
2019-10-27 03:00:00,63215.33633,475909.38764,60.5,127.43366,85.57028
2019-10-27 04:00:00,63339.02469,475621.28379,59.5,127.41449,85.57276
2019-10-27 05:00:00,63440.87288,475349.27487,59.5,127.39814,85.57512
2019-10-27 06:00:00,63542.28215,475072.98971,60.5,127.38175,85.57752
2019-10-27 07:00:00,63652.48488,474816.22869,60.0,127.36462,85.57973
2019-10-27 08:00:00,63792.42066,474582.51003,60.5,127.34431,85.5817
2019-10-27 09:00:00,63954.56355,474316.73277,60.0,127.32083,85.58392
2019-10-27 10:00:00,64135.72964,474051.32257,59.5,127.29508,85.58613
2019-10-27 11:00:00,64319.56641,473769.34436,60.5,127.26872,85.58847
2019-10-27 12:00:00,64496.42994,473456.66051,60.0,127.24266,85.59111
2019-10-27 13:00:00,64664.55107,473133.32939,60.0,127.21743,85.59385
2019-10-27 14:00:00,64818.31846,472778.85807,60.0,127.19338,85.5969
2019-10-27 15:00:00,64956.43239,472431.87884,59.5,127.17127,85.59989
2019-10-27 16:00:00,65061.75782,472051.97471,60.5,127.15251,85.60323
2019-10-27 17:00:00,65162.60421,471680.90518,60.0,127.13439,85.60649
2019-10-27 18:00:00,65261.173,471316.81838,59.5,127.11663,85.60969
2019-10-27 19:00:00,65386.65451,470948.98136,60.0,127.09557,85.61289
2019-10-27 20:00:00,65546.3297,470576.24085,60.0,127.07032,85.61609
2019-10-27 21:00:00,65744.89945,470198.25121,60.0,127.04029,85.61929
2019-10-27 22:00:00,65990.34876,469792.71444,60.0,127.00415,85.62268
2019-10-27 23:00:00,66292.24834,469334.99671,60.0,126.96032,85.62647
2019-10-28 00:00:00,66600.26743,468854.08175,60.0,126.91528,85.63046
2019-10-28 01:00:00,66890.30226,468339.43007,60.5,126.87174,85.63478
2019-10-28 02:00:00,67159.3726,467819.31585,60.5,126.83053,85.63918
2019-10-28 03:00:00,67379.55608,467284.33355,60.0,126.79485,85.64377
2019-10-28 04:00:00,67561.02878,466753.4678,60.0,126.76383,85.64837
2019-10-28 05:00:00,67708.1648,466236.07679,60.5,126.7371,85.6529
2019-10-28 06:00:00,67846.3798,465724.25139,60.0,126.7115,85.65738
2019-10-28 07:00:00,67996.11952,465241.4635,59.5,126.68496,85.66159
2019-10-28 08:00:00,68155.51062,464744.02346,60.5,126.65695,85.66591
2019-10-28 09:00:00,68334.39895,464249.59844,60.0,126.62658,85.67018
2019-10-28 10:00:00,68526.45622,463738.54291,59.5,126.59426,85.67459
2019-10-28 11:00:00,68728.46668,463248.04837,60.0,126.56103,85.67879
2019-10-28 12:00:00,68915.81314,462737.69998,60.0,126.52917,85.68319
2019-10-28 13:00:00,69100.5336,462268.50674,60.0,126.4983,85.68721
2019-10-28 14:00:00,69275.8832,461833.22879,60.5,126.46913,85.69094
2019-10-28 15:00:00,69436.41758,461364.06838,60.0,126.44108,85.695
2019-10-28 16:00:00,69565.37866,460925.30952,59.5,126.41738,85.69882
2019-10-28 17:00:00,69713.05152,460528.15293,60.0,126.39213,85.70224
2019-10-28 18:00:00,69888.74253,460150.20413,60.0,126.36378,85.70544
2019-10-28 19:00:00,70115.27629,459763.89939,60.0,126.32904,85.70865
2019-10-28 20:00:00,70372.7338,459399.92248,60.5,126.2909,85.7116
2019-10-28 21:00:00,70667.62705,459021.18974,60.0,126.24787,85.71464
2019-10-28 22:00:00,70988.37962,458620.65985,59.5,126.2012,85.71784
2019-10-28 23:00:00,71330.74961,458216.84372,60.0,126.15177,85.72104
2019-10-29 00:00:00,71693.83512,457787.40834,60.0,126.09924,85.72443
2019-10-29 01:00:00,72045.64408,457359.55353,60.0,126.04803,85.72782
2019-10-29 02:00:00,72346.60567,456916.3702,60.0,126.00267,85.73143
2019-10-29 03:00:00,72598.42529,456522.67331,60.0,125.96421,85.73465
2019-10-29 04:00:00,72829.62182,456155.73481,60.0,125.92874,85.73765
2019-10-29 05:00:00,73056.86894,455809.81333,60.0,125.89412,85.74047
2019-10-29 06:00:00,73292.47664,455503.2012,59.5,125.8592,85.74292
2019-10-29 07:00:00,73553.01668,455179.97103,60.0,125.82086,85.74548
2019-10-29 08:00:00,73858.95534,454867.15243,60.5,125.7771,85.74787
2019-10-29 09:00:00,74188.47489,454507.60244,60.0,125.72947,85.75066
2019-10-29 10:00:00,74542.2598,454136.6234,59.5,125.67856,85.7535
2019-10-29 11:00:00,74914.01344,453746.7478,59.5,125.62498,85.75649
2019-10-29 12:00:00,75267.25446,453321.70214,60.5,125.5729,85.75983
2019-10-29 13:00:00,75581.91072,452894.78651,60.5,125.52544,85.76323
2019-10-29 14:00:00,75859.77531,452495.41324,60.0,125.483,85.76644
2019-10-29 15:00:00,76103.40738,452117.92356,59.5,125.44517,85.7695
2019-10-29 16:00:00,76316.73092,451778.0603,60.0,125.41181,85.77227
2019-10-29 17:00:00,76523.29216,451455.69282,60.5,125.37961,85.77488
2019-10-29 18:00:00,76738.43863,451171.58657,59.5,125.34711,85.77713
2019-10-29 19:00:00,76971.50799,450890.44297,59.5,125.31242,85.77932
2019-10-29 20:00:00,77230.61112,450585.92575,60.5,125.27399,85.78169
2019-10-29 21:00:00,77510.19706,450296.37976,60.5,125.2333,85.78388
2019-10-29 22:00:00,77802.51232,449961.20975,60.0,125.19002,85.78647
2019-10-29 23:00:00,78108.68578,449622.46965,60.0,125.1449,85.78906
2019-10-30 00:00:00,78415.4427,449246.23833,60.5,125.09883,85.792
2019-10-30 01:00:00,78702.79507,448859.67022,60.0,125.05489,85.79505
2019-10-30 02:00:00,78954.72048,448490.05245,60.0,125.01563,85.798
2019-10-30 03:00:00,79170.05591,448136.7051,60.0,124.98122,85.80087
2019-10-30 04:00:00,79369.01535,447835.04465,59.5,124.94993,85.80329
2019-10-30 05:00:00,79564.73406,447556.9671,60.0,124.91952,85.8055
2019-10-30 06:00:00,79769.39685,447299.57831,60.0,124.88843,85.8075
2019-10-30 07:00:00,80001.18492,447037.72397,60.0,124.85384,85.8095
2019-10-30 08:00:00,80268.15235,446773.6014,60.5,124.8148,85.81146
2019-10-30 09:00:00,80571.62121,446478.57408,60.5,124.77049,85.81365
2019-10-30 10:00:00,80890.33812,446153.30357,59.5,124.72355,85.81607
2019-10-30 11:00:00,81197.75119,445811.18799,59.5,124.67759,85.81867
2019-10-30 12:00:00,81470.69692,445474.78677,60.0,124.63599,85.82127
2019-10-30 13:00:00,81719.406,445141.80099,60.0,124.59744,85.82388
2019-10-30 14:00:00,81942.1646,444839.40897,60.5,124.56277,85.82625
2019-10-30 15:00:00,82137.67139,444555.0358,60.0,124.53187,85.8285
2019-10-30 16:00:00,82325.21569,444321.82634,60.0,124.50311,85.8303
2019-10-30 17:00:00,82523.39908,444126.80783,60.0,124.47389,85.83173
2019-10-30 18:00:00,82734.7754,443933.21955,59.5,124.44303,85.83313
2019-10-30 19:00:00,82975.05734,443733.59266,60.0,124.40841,85.83453
2019-10-30 20:00:00,83238.61763,443530.70958,60.0,124.37078,85.83592
2019-10-30 21:00:00,83526.47806,443280.58194,60.0,124.32899,85.8377
2019-10-30 22:00:00,83828.41165,442982.33169,60.0,124.28426,85.83988
2019-10-30 23:00:00,84128.10878,442661.56141,60.0,124.23923,85.84228
2019-10-31 00:00:00,84413.22438,442321.13195,60.0,124.19551,85.84487
2019-10-31 01:00:00,84668.33115,441979.90008,59.5,124.15546,85.84751
2019-10-31 02:00:00,84892.87169,441674.35723,60.0,124.12004,85.84989
2019-10-31 03:00:00,85088.82679,441414.13025,60.5,124.08925,85.85191
2019-10-31 04:00:00,85268.08596,441179.79779,60.0,124.06115,85.85371
2019-10-31 05:00:00,85439.79631,440968.35334,60.0,124.03453,85.85533
2019-10-31 06:00:00,85621.05512,440778.59476,60.0,124.00722,85.85673
2019-10-31 07:00:00,85813.53491,440565.14635,60.0,123.9779,85.85832
2019-10-31 08:00:00,86019.09057,440348.48203,60.0,123.94685,85.85992
2019-10-31 09:00:00,86249.5451,440105.85186,60.0,123.91201,85.8617
2019-10-31 10:00:00,86487.36786,439838.90176,60.0,123.87562,85.8637
2019-10-31 11:00:00,86716.80467,439552.53973,60.0,123.83976,85.86588
2019-10-31 12:00:00,86925.38801,439224.73327,60.0,123.80545,85.86847
2019-10-31 13:00:00,87116.39718,438919.81988,60.0,123.77388,85.87089
2019-10-31 14:00:00,87282.57987,438642.75444,60.0,123.74609,85.87309
2019-10-31 15:00:00,87426.13852,438391.04409,60.0,123.72175,85.87511
2019-10-31 16:00:00,87562.85128,438187.80244,60.5,123.69946,85.8767
2019-10-31 17:00:00,87701.56688,438001.45785,60.0,123.67733,85.87814
2019-10-31 18:00:00,87854.1398,437837.7716,59.5,123.65401,85.87934
2019-10-31 19:00:00,88019.03557,437651.46227,60.0,123.62856,85.88072
2019-10-31 20:00:00,88205.0026,437437.19902,60.0,123.59972,85.88232
2019-10-31 21:00:00,88412.63864,437219.18016,60.0,123.56805,85.88391
2019-10-31 22:00:00,88626.41936,436953.25611,59.5,123.53434,85.88592
2019-10-31 23:00:00,88835.61078,436645.6973,59.5,123.50012,85.88832
2019-11-01 00:00:00,89028.36541,436340.82468,60.0,123.468,85.89072
2019-11-01 01:00:00,89185.3979,436026.76139,60.5,123.44011,85.89327
2019-11-01 02:00:00,89315.95187,435706.32569,60.0,123.41536,85.89592
2019-11-01 03:00:00,89426.64245,435442.4857,60.0,123.39455,85.8981
2019-11-01 04:00:00,89513.63657,435201.74649,60.5,123.37732,85.90011
2019-11-01 05:00:00,89581.14988,435009.18435,60.0,123.36378,85.90172
2019-11-01 06:00:00,89688.81795,434810.22285,60.0,123.345,85.90332
2019-11-01 07:00:00,89799.62172,434609.988,60.0,123.32576,85.90492
2019-11-01 08:00:00,89918.29654,434408.48064,60.0,123.30549,85.90652
2019-11-01 09:00:00,90052.01984,434180.30464,59.5,123.28259,85.90833
2019-11-01 10:00:00,90179.02336,433892.72658,60.0,123.25896,85.91069
2019-11-01 11:00:00,90301.81582,433628.28118,61.0,123.23645,85.91284
2019-11-01 12:00:00,90397.69021,433317.42752,60.0,123.2161,85.91547
2019-11-01 13:00:00,90460.71172,433036.30992,59.5,123.20067,85.91789
2019-11-01 14:00:00,90499.61124,432783.67632,60.0,123.18904,85.92009
2019-11-01 15:00:00,90505.78096,432559.11968,60.0,123.1823,85.92211
2019-11-01 16:00:00,90516.65312,432377.09102,60.0,123.17608,85.92373
2019-11-01 17:00:00,90527.57522,432240.02513,60.0,123.17105,85.92495
2019-11-01 18:00:00,90552.39268,432123.55739,60.0,123.1648,85.92595
2019-11-01 19:00:00,90606.90699,432001.44818,60.0,123.15463,85.92695
2019-11-01 20:00:00,90691.98829,431872.67933,60.0,123.14038,85.92795
2019-11-01 21:00:00,90791.5484,431741.16001,60.0,123.12422,85.92895
2019-11-01 22:00:00,90894.15428,431586.4573,59.5,123.10704,85.93015
2019-11-01 23:00:00,91010.06858,431366.86804,60.0,123.08642,85.93191
2019-11-02 00:00:00,91111.00051,431147.11324,60.5,123.06768,85.9337
2019-11-02 01:00:00,91187.53298,430887.96489,60.0,123.05097,85.93589
2019-11-02 02:00:00,91245.21822,430656.07144,60.5,123.03737,85.93787
2019-11-02 03:00:00,91281.13454,430444.06658,60.0,123.02708,85.93972
2019-11-02 04:00:00,91321.71195,430279.65847,60.0,123.01746,85.94112
2019-11-02 05:00:00,91378.58483,430153.17264,60.0,123.00679,85.94215
2019-11-02 06:00:00,91462.29179,430045.20048,59.5,122.9932,85.94297
2019-11-02 07:00:00,91587.33453,429951.16471,59.5,122.97471,85.94358
2019-11-02 08:00:00,91737.38687,429811.85274,60.0,122.95179,85.94454
2019-11-02 09:00:00,91896.49079,429645.34481,60.5,122.92697,85.94574
2019-11-02 10:00:00,92091.25827,429450.74546,60.0,122.89681,85.94712
2019-11-02 11:00:00,92284.09143,429190.30257,60.0,122.86508,85.94909
2019-11-02 12:00:00,92438.61206,428912.90964,60.0,122.83773,85.95129
2019-11-02 13:00:00,92590.65952,428636.91176,60.0,122.81072,85.95348
2019-11-02 14:00:00,92725.88088,428340.96117,60.0,122.78527,85.95589
2019-11-02 15:00:00,92869.6193,428085.70387,60.0,122.75983,85.95791
2019-11-02 16:00:00,93005.90419,427855.22573,60.0,122.73601,85.95972
2019-11-02 17:00:00,93170.74098,427660.73435,60.0,122.70951,85.96115
